{"cameraMode":{"drawMode":0,"name":"Shaded","section":"Shading Mode"},"sceneLighting":false,"audioPlay":false,"sceneViewState":{"m_AlwaysRefresh":false,"showFog":true,"showSkybox":false,"showFlares":true,"showImageEffects":true,"showParticleSystems":true,"showVisualEffectGraphs":true,"m_FxEnabled":true},"in2DMode":false,"pivot":{"x":0.03999730944633484,"y":0.6694974303245544,"z":7.878896236419678},"rotation":{"x":0.1701609492301941,"y":-0.8246951699256897,"z":0.43126553297042849,"w":0.32445743680000307},"size":1.530251383781433,"orthographic":false}