{"cameraMode":{"drawMode":0,"name":"Shaded","section":"Shading Mode"},"sceneLighting":false,"audioPlay":false,"sceneViewState":{"m_AlwaysRefresh":false,"showFog":true,"showSkybox":false,"showFlares":true,"showImageEffects":true,"showParticleSystems":true,"showVisualEffectGraphs":true,"m_FxEnabled":true},"in2DMode":false,"pivot":{"x":32.91147232055664,"y":2.6015028953552248,"z":14.229857444763184},"rotation":{"x":-0.019205134361982347,"y":0.50431889295578,"z":0.010767819359898568,"w":0.8634711503982544},"size":17.781936645507814,"orthographic":false}