{"cameraMode":{"drawMode":0,"name":"Shaded","section":"Shading Mode"},"sceneLighting":false,"audioPlay":false,"sceneViewState":{"m_AlwaysRefresh":false,"showFog":true,"showSkybox":false,"showFlares":true,"showImageEffects":true,"showParticleSystems":true,"showVisualEffectGraphs":true,"m_FxEnabled":true},"in2DMode":false,"pivot":{"x":-0.13592708110809327,"y":1.0245745182037354,"z":177.7899932861328},"rotation":{"x":-0.06353332847356796,"y":0.32114553451538088,"z":0.021197227761149408,"w":0.9448729753494263},"size":1.2245603799819947,"orthographic":false}