{"cameraMode":{"drawMode":0,"name":"Shaded","section":"Shading Mode"},"sceneLighting":false,"audioPlay":false,"sceneViewState":{"m_AlwaysRefresh":false,"showFog":true,"showSkybox":false,"showFlares":true,"showImageEffects":true,"showParticleSystems":true,"showVisualEffectGraphs":true,"m_FxEnabled":true},"in2DMode":false,"pivot":{"x":-0.03438568115234375,"y":0.37983447313308718,"z":0.0026959404349327089},"rotation":{"x":0.049585483968257907,"y":-0.9388814568519592,"z":0.15277741849422456,"w":0.3046810030937195},"size":0.6653978824615479,"orthographic":false}