{"cameraMode":{"drawMode":0,"name":"Shaded","section":"Shading Mode"},"sceneLighting":false,"audioPlay":false,"sceneViewState":{"m_AlwaysRefresh":false,"showFog":true,"showSkybox":false,"showFlares":true,"showImageEffects":true,"showParticleSystems":true,"showVisualEffectGraphs":true,"m_FxEnabled":true},"in2DMode":false,"pivot":{"x":-0.29611849784851076,"y":1.261576771736145,"z":177.3512420654297},"rotation":{"x":0.3922296166419983,"y":0.10451263934373856,"z":-0.044925935566425326,"w":0.9128882884979248},"size":0.898903489112854,"orthographic":false}