{"cameraMode":{"drawMode":0,"name":"Shaded","section":"Shading Mode"},"sceneLighting":false,"audioPlay":false,"sceneViewState":{"m_AlwaysRefresh":false,"showFog":true,"showSkybox":false,"showFlares":true,"showImageEffects":true,"showParticleSystems":true,"showVisualEffectGraphs":true,"m_FxEnabled":true},"in2DMode":false,"pivot":{"x":0.2023606300354004,"y":0.3803853392601013,"z":-0.08322477340698242},"rotation":{"x":-0.0037352312356233598,"y":-0.9845184087753296,"z":-0.02117273397743702,"w":0.17426811158657075},"size":1.9217559099197388,"orthographic":false}