{"cameraMode":{"drawMode":0,"name":"Shaded","section":"Shading Mode"},"sceneLighting":false,"audioPlay":false,"sceneViewState":{"m_AlwaysRefresh":false,"showFog":false,"showSkybox":false,"showFlares":false,"showImageEffects":false,"showParticleSystems":false,"showVisualEffectGraphs":true,"m_FxEnabled":true},"in2DMode":false,"pivot":{"x":1.4901161193847657e-7,"y":0.812842607498169,"z":-0.02353408932685852},"rotation":{"x":0.039796311408281329,"y":-0.7011429071426392,"z":0.03921407461166382,"w":0.7108734250068665},"size":0.9551524519920349,"orthographic":false}